
USE PerfectMeal;


INSERT INTO MEAL (MealName,Description,CookTime,MealLink) VALUES ('Beef Curry','','34 mins','');
INSERT INTO MEAL (MealName,Description,CookTime,MealLink) VALUES ('Beef stew','','6 mins','');
INSERT INTO MEAL (MealName,Description,CookTime,MealLink) VALUES ('Bruschetta Chicken','','12 mins','');
INSERT INTO MEAL (MealName,Description,CookTime,MealLink) VALUES ('Chicken + potatoes + veggies','','54 mins','');
INSERT INTO MEAL (MealName,Description,CookTime,MealLink) VALUES ('Chicken drumsticks','','34 mins','');
INSERT INTO MEAL (MealName,Description,CookTime,MealLink) VALUES ('Chicken parmesan','','68 mins','');
INSERT INTO MEAL (MealName,Description,CookTime,MealLink) VALUES ('Chili','','13 mins','');
INSERT INTO MEAL (MealName,Description,CookTime,MealLink) VALUES ('Enchiladas','','22 mins','');
INSERT INTO MEAL (MealName,Description,CookTime,MealLink) VALUES ('Fajitas bowl','','30 mins','');
INSERT INTO MEAL (MealName,Description,CookTime,MealLink) VALUES ('Fajitas','','63 mins','');
INSERT INTO MEAL (MealName,Description,CookTime,MealLink) VALUES ('Garlic Parmesan chicken','','20 mins','');
INSERT INTO MEAL (MealName,Description,CookTime,MealLink) VALUES ('Hamburgers','','65 mins','');
INSERT INTO MEAL (MealName,Description,CookTime,MealLink) VALUES ('Macaroni Casserole','','71 mins','');
INSERT INTO MEAL (MealName,Description,CookTime,MealLink) VALUES ('Omelettes','','66 mins','');
INSERT INTO MEAL (MealName,Description,CookTime,MealLink) VALUES ('Spaghetti','','6 mins','');
INSERT INTO MEAL (MealName,Description,CookTime,MealLink) VALUES ('Pasta','','71 mins','');
INSERT INTO MEAL (MealName,Description,CookTime,MealLink) VALUES ('Pita pizzas','','25 mins','');
INSERT INTO MEAL (MealName,Description,CookTime,MealLink) VALUES ('Pork chops','','74 mins','');
INSERT INTO MEAL (MealName,Description,CookTime,MealLink) VALUES ('Rice wraps','','24 mins','');
INSERT INTO MEAL (MealName,Description,CookTime,MealLink) VALUES ('Rose and sausage','','52 mins','');
INSERT INTO MEAL (MealName,Description,CookTime,MealLink) VALUES ('Salad and hash browns','','31 mins','');
INSERT INTO MEAL (MealName,Description,CookTime,MealLink) VALUES ('Bacon Salad','','58 mins','');
INSERT INTO MEAL (MealName,Description,CookTime,MealLink) VALUES ('Salad and perogies','','11 mins','');
INSERT INTO MEAL (MealName,Description,CookTime,MealLink) VALUES ('Sausage potato bake','','12 mins','');
INSERT INTO MEAL (MealName,Description,CookTime,MealLink) VALUES ('Split pea soup','','12 mins','');
INSERT INTO MEAL (MealName,Description,CookTime,MealLink) VALUES ('Steaks','','19 mins','');
INSERT INTO MEAL (MealName,Description,CookTime,MealLink) VALUES ('Stew','','31 mins','');
INSERT INTO MEAL (MealName,Description,CookTime,MealLink) VALUES ('Stir fry','','25 mins','');
INSERT INTO MEAL (MealName,Description,CookTime,MealLink) VALUES ('Strawberry salad','','21 mins','');
INSERT INTO MEAL (MealName,Description,CookTime,MealLink) VALUES ('Stuffed peppers','','6 mins','');
INSERT INTO MEAL (MealName,Description,CookTime,MealLink) VALUES ('Taco salad','','14 mins','');
INSERT INTO MEAL (MealName,Description,CookTime,MealLink) VALUES ('Tortellini soup','','28 mins','');
INSERT INTO MEAL (MealName,Description,CookTime,MealLink) VALUES ('Vegetable lasagna','','59 mins','');
INSERT INTO MEAL (MealName,Description,CookTime,MealLink) VALUES ('Meat lasagna','','12 mins','');
INSERT INTO MEAL (MealName,Description,CookTime,MealLink) VALUES ('Meatloaf','','72 mins','');
INSERT INTO MEAL (MealName,Description,CookTime,MealLink) VALUES ('Reubens','','12 mins','');
INSERT INTO MEAL (MealName,Description,CookTime,MealLink) VALUES ('Chicken Parmesan Casserole','','14 mins','');
INSERT INTO MEAL (MealName,Description,CookTime,MealLink) VALUES ('Meatballs + asparagus + potatoes','','47 mins','');
INSERT INTO MEAL (MealName,Description,CookTime,MealLink) VALUES ('Honey Garlic Chicken + Asparagus + Sweet Potatoes','','64 mins','');
INSERT INTO MEAL (MealName,Description,CookTime,MealLink) VALUES ('Chicken Bacon Spinach Pasta','','53 mins','https://thecozycook.com/chicken-bacon-spinach-pasta/');
INSERT INTO MEAL (MealName,Description,CookTime,MealLink) VALUES ('Ramen Noodle Stir Fry','','8 mins','https://thecozycook.com/ramen-noodle-stir-fry/');
INSERT INTO MEAL (MealName,Description,CookTime,MealLink) VALUES ('Creamy Garlic Chicken','','34 mins','https://thecozycook.com/creamy-garlic-chicken/');
INSERT INTO MEAL (MealName,Description,CookTime,MealLink) VALUES ('Fish + Potatoes + Asparagus','','51 mins','');
INSERT INTO MEAL (MealName,Description,CookTime,MealLink) VALUES ('Salmon + Rice + Broccoli','','65 mins','');
INSERT INTO MEAL (MealName,Description,CookTime,MealLink) VALUES ('Roast + Veggies','','21 mins','');
INSERT INTO MEAL (MealName,Description,CookTime,MealLink) VALUES ('Beet and Orange Salad','','73 mins','https://www.womansday.com/food-recipes/a32292241/mache-beet-and-orange-salad-recipe/?fbclid=IwAR2woyNJmnq_EYzyNSZ_3M_T906gAA0mvhHRbfg7FkytluxIkvyve3iEqyw');
INSERT INTO MEAL (MealName,Description,CookTime,MealLink) VALUES ('Honey Roasted Salmon and Radishes','','38 mins','https://www.womansday.com/food-recipes/a32291919/hot-honey-roasted-salmon-and-radishes-recipe/?fbclid=IwAR1ZSUShRPsP28-nzH0dXBFD_kTJuzzxB4zd5XtbRce2Ie4YCYGjclQ-HqI');
INSERT INTO MEAL (MealName,Description,CookTime,MealLink) VALUES ('Pork and Peach Kebabs','','47 mins','https://www.womansday.com/food-recipes/food-drinks/a28354249/pork-and-peach-kebabs-with-grilled-green-beans-recipe/?fbclid=IwAR3pu-mGhhxYAppQrjGb7XZSoHF_OXH4MRgpatiCruTCAa_J0o_vVDzpWvE');
INSERT INTO MEAL (MealName,Description,CookTime,MealLink) VALUES ('Easy Tomato Soup','','5 mins','https://natashaskitchen.com/tomato-soup-recipe/');
INSERT INTO MEAL (MealName,Description,CookTime,MealLink) VALUES ('Moroccan Chicken Bowl','','69 mins','https://www.womansday.com/food-recipes/food-drinks/recipes/a61042/moroccan-chicken-bowl-recipe/?fbclid=IwAR3rxHsA5ugbt0mYS5rl-RedfX67g2P0QPD7UMP49Ldnj1KUppJaBopPs9Q');
INSERT INTO MEAL (MealName,Description,CookTime,MealLink) VALUES ('Grilled Fish Tacos','','43 mins','https://www.womansday.com/food-recipes/food-drinks/recipes/a59766/grilled-fish-tacos-recipes/?fbclid=IwAR3wEp95DJseDVMyfpsRFxEZA9b_EydSoJb36IyoOC50ptuK9oKD7jAwb1A');
INSERT INTO MEAL (MealName,Description,CookTime,MealLink) VALUES ('Mediterranean Fried Rice','','59 mins','https://www.womansday.com/food-recipes/food-drinks/recipes/a55779/mediterranean-fried-rice-recipe/?fbclid=IwAR0I0ciPH5MVyYYn1LkwlTq3Ic7LnJyh8fXKE84aZM2QEIPrBLF48-UmKCM');
INSERT INTO MEAL (MealName,Description,CookTime,MealLink) VALUES ('Pear and Walnut Salad','','53 mins','https://www.womansday.com/food-recipes/food-drinks/a25652684/pear-and-walnut-salad-recipe/?fbclid=IwAR1_Jc2BsuET5K0kqAvO7ercetqHivUjTt_f5Ad3GHjKG61qYOuXDCfnC_0');
INSERT INTO MEAL (MealName,Description,CookTime,MealLink) VALUES ('Grilled Watermelon Salad with Steak and Tomatoes','','47 mins','https://www.womansday.com/food-recipes/food-drinks/recipes/a59400/grilled-watermelon-salad-steak-tomatoes-recipe/?fbclid=IwAR1S8B8cPahicghIBXqigajw9fhFKev7yZupKZAwGfycNnSRs0UdyUotZA8');
INSERT INTO MEAL (MealName,Description,CookTime,MealLink) VALUES ('Grilled Pork Chops with Plum and Bok Choy','','46 mins','https://www.womansday.com/food-recipes/food-drinks/recipes/a55282/grilled-pork-chops-with-plum-and-bok-choy-recipe/?fbclid=IwAR0I0ciPH5MVyYYn1LkwlTq3Ic7LnJyh8fXKE84aZM2QEIPrBLF48-UmKCM');

INSERT INTO MEAL_INGREDIENT (MealID,IngredientID) VALUES (38,1);
INSERT INTO MEAL_INGREDIENT (MealID,IngredientID) VALUES (39,1);
INSERT INTO MEAL_INGREDIENT (MealID,IngredientID) VALUES (43,1);
INSERT INTO MEAL_INGREDIENT (MealID,IngredientID) VALUES (41,2);
INSERT INTO MEAL_INGREDIENT (MealID,IngredientID) VALUES (22,3);
INSERT INTO MEAL_INGREDIENT (MealID,IngredientID) VALUES (40,3);
INSERT INTO MEAL_INGREDIENT (MealID,IngredientID) VALUES (45,4);
INSERT INTO MEAL_INGREDIENT (MealID,IngredientID) VALUES (42,5);
INSERT INTO MEAL_INGREDIENT (MealID,IngredientID) VALUES (8,6);
INSERT INTO MEAL_INGREDIENT (MealID,IngredientID) VALUES (10,7);
INSERT INTO MEAL_INGREDIENT (MealID,IngredientID) VALUES (37,8);
INSERT INTO MEAL_INGREDIENT (MealID,IngredientID) VALUES (41,9);
INSERT INTO MEAL_INGREDIENT (MealID,IngredientID) VALUES (44,9);
INSERT INTO MEAL_INGREDIENT (MealID,IngredientID) VALUES (37,10);
INSERT INTO MEAL_INGREDIENT (MealID,IngredientID) VALUES (39,10);
INSERT INTO MEAL_INGREDIENT (MealID,IngredientID) VALUES (42,10);
INSERT INTO MEAL_INGREDIENT (MealID,IngredientID) VALUES (44,10);
INSERT INTO MEAL_INGREDIENT (MealID,IngredientID) VALUES (36,11);
INSERT INTO MEAL_INGREDIENT (MealID,IngredientID) VALUES (21,12);
INSERT INTO MEAL_INGREDIENT (MealID,IngredientID) VALUES (22,12);
INSERT INTO MEAL_INGREDIENT (MealID,IngredientID) VALUES (45,12);
INSERT INTO MEAL_INGREDIENT (MealID,IngredientID) VALUES (41,13);
INSERT INTO MEAL_INGREDIENT (MealID,IngredientID) VALUES (22,14);
INSERT INTO MEAL_INGREDIENT (MealID,IngredientID) VALUES (40,14);
INSERT INTO MEAL_INGREDIENT (MealID,IngredientID) VALUES (8,15);
INSERT INTO MEAL_INGREDIENT (MealID,IngredientID) VALUES (10,15);
INSERT INTO MEAL_INGREDIENT (MealID,IngredientID) VALUES (39,15);
INSERT INTO MEAL_INGREDIENT (MealID,IngredientID) VALUES (21,15);
INSERT INTO MEAL_INGREDIENT (MealID,IngredientID) VALUES (37,15);
INSERT INTO MEAL_INGREDIENT (MealID,IngredientID) VALUES (40,15);
INSERT INTO MEAL_INGREDIENT (MealID,IngredientID) VALUES (41,15);
INSERT INTO MEAL_INGREDIENT (MealID,IngredientID) VALUES (42,15);
INSERT INTO MEAL_INGREDIENT (MealID,IngredientID) VALUES (41,16);
INSERT INTO MEAL_INGREDIENT (MealID,IngredientID) VALUES (42,16);
INSERT INTO MEAL_INGREDIENT (MealID,IngredientID) VALUES (10,17);
INSERT INTO MEAL_INGREDIENT (MealID,IngredientID) VALUES (10,18);
INSERT INTO MEAL_INGREDIENT (MealID,IngredientID) VALUES (36,19);
INSERT INTO MEAL_INGREDIENT (MealID,IngredientID) VALUES (40,20);
INSERT INTO MEAL_INGREDIENT (MealID,IngredientID) VALUES (21,21);
INSERT INTO MEAL_INGREDIENT (MealID,IngredientID) VALUES (10,22);
INSERT INTO MEAL_INGREDIENT (MealID,IngredientID) VALUES (39,22);
INSERT INTO MEAL_INGREDIENT (MealID,IngredientID) VALUES (14,23);
INSERT INTO MEAL_INGREDIENT (MealID,IngredientID) VALUES (37,23);
INSERT INTO MEAL_INGREDIENT (MealID,IngredientID) VALUES (10,24);
INSERT INTO MEAL_INGREDIENT (MealID,IngredientID) VALUES (37,25);
INSERT INTO MEAL_INGREDIENT (MealID,IngredientID) VALUES (40,25);
INSERT INTO MEAL_INGREDIENT (MealID,IngredientID) VALUES (42,25);
INSERT INTO MEAL_INGREDIENT (MealID,IngredientID) VALUES (43,26);
INSERT INTO MEAL_INGREDIENT (MealID,IngredientID) VALUES (39,27);
INSERT INTO MEAL_INGREDIENT (MealID,IngredientID) VALUES (40,27);
INSERT INTO MEAL_INGREDIENT (MealID,IngredientID) VALUES (41,27);
INSERT INTO MEAL_INGREDIENT (MealID,IngredientID) VALUES (42,27);
INSERT INTO MEAL_INGREDIENT (MealID,IngredientID) VALUES (44,27);
INSERT INTO MEAL_INGREDIENT (MealID,IngredientID) VALUES (45,27);
INSERT INTO MEAL_INGREDIENT (MealID,IngredientID) VALUES (10,28);
INSERT INTO MEAL_INGREDIENT (MealID,IngredientID) VALUES (38,28);
INSERT INTO MEAL_INGREDIENT (MealID,IngredientID) VALUES (39,28);
INSERT INTO MEAL_INGREDIENT (MealID,IngredientID) VALUES (21,29);
INSERT INTO MEAL_INGREDIENT (MealID,IngredientID) VALUES (41,30);
INSERT INTO MEAL_INGREDIENT (MealID,IngredientID) VALUES (8,31);
INSERT INTO MEAL_INGREDIENT (MealID,IngredientID) VALUES (10,31);
INSERT INTO MEAL_INGREDIENT (MealID,IngredientID) VALUES (14,31);
INSERT INTO MEAL_INGREDIENT (MealID,IngredientID) VALUES (41,31);
INSERT INTO MEAL_INGREDIENT (MealID,IngredientID) VALUES (8,32);
INSERT INTO MEAL_INGREDIENT (MealID,IngredientID) VALUES (38,33);
INSERT INTO MEAL_INGREDIENT (MealID,IngredientID) VALUES (21,34);
INSERT INTO MEAL_INGREDIENT (MealID,IngredientID) VALUES (42,35);
INSERT INTO MEAL_INGREDIENT (MealID,IngredientID) VALUES (39,36);
INSERT INTO MEAL_INGREDIENT (MealID,IngredientID) VALUES (10,37);
INSERT INTO MEAL_INGREDIENT (MealID,IngredientID) VALUES (40,38);
INSERT INTO MEAL_INGREDIENT (MealID,IngredientID) VALUES (42,38);
INSERT INTO MEAL_INGREDIENT (MealID,IngredientID) VALUES (45,39);
INSERT INTO MEAL_INGREDIENT (MealID,IngredientID) VALUES (21,40);
INSERT INTO MEAL_INGREDIENT (MealID,IngredientID) VALUES (10,41);
INSERT INTO MEAL_INGREDIENT (MealID,IngredientID) VALUES (8,42);
INSERT INTO MEAL_INGREDIENT (MealID,IngredientID) VALUES (14,42);
INSERT INTO MEAL_INGREDIENT (MealID,IngredientID) VALUES (21,42);
INSERT INTO MEAL_INGREDIENT (MealID,IngredientID) VALUES (22,42);
INSERT INTO MEAL_INGREDIENT (MealID,IngredientID) VALUES (38,43);
INSERT INTO MEAL_INGREDIENT (MealID,IngredientID) VALUES (37,44);
INSERT INTO MEAL_INGREDIENT (MealID,IngredientID) VALUES (17,45);
INSERT INTO MEAL_INGREDIENT (MealID,IngredientID) VALUES (37,45);
INSERT INTO MEAL_INGREDIENT (MealID,IngredientID) VALUES (14,46);
INSERT INTO MEAL_INGREDIENT (MealID,IngredientID) VALUES (17,47);
INSERT INTO MEAL_INGREDIENT (MealID,IngredientID) VALUES (10,48);
INSERT INTO MEAL_INGREDIENT (MealID,IngredientID) VALUES (38,48);
INSERT INTO MEAL_INGREDIENT (MealID,IngredientID) VALUES (39,48);
INSERT INTO MEAL_INGREDIENT (MealID,IngredientID) VALUES (43,48);
INSERT INTO MEAL_INGREDIENT (MealID,IngredientID) VALUES (42,49);
INSERT INTO MEAL_INGREDIENT (MealID,IngredientID) VALUES (8,50);
INSERT INTO MEAL_INGREDIENT (MealID,IngredientID) VALUES (10,50);
INSERT INTO MEAL_INGREDIENT (MealID,IngredientID) VALUES (14,50);
INSERT INTO MEAL_INGREDIENT (MealID,IngredientID) VALUES (38,50);
INSERT INTO MEAL_INGREDIENT (MealID,IngredientID) VALUES (41,50);
INSERT INTO MEAL_INGREDIENT (MealID,IngredientID) VALUES (45,50);
INSERT INTO MEAL_INGREDIENT (MealID,IngredientID) VALUES (37,51);
INSERT INTO MEAL_INGREDIENT (MealID,IngredientID) VALUES (40,51);
INSERT INTO MEAL_INGREDIENT (MealID,IngredientID) VALUES (42,51);
INSERT INTO MEAL_INGREDIENT (MealID,IngredientID) VALUES (37,52);
INSERT INTO MEAL_INGREDIENT (MealID,IngredientID) VALUES (41,53);
INSERT INTO MEAL_INGREDIENT (MealID,IngredientID) VALUES (41,54);
INSERT INTO MEAL_INGREDIENT (MealID,IngredientID) VALUES (41,55);
INSERT INTO MEAL_INGREDIENT (MealID,IngredientID) VALUES (40,56);
INSERT INTO MEAL_INGREDIENT (MealID,IngredientID) VALUES (37,57);
INSERT INTO MEAL_INGREDIENT (MealID,IngredientID) VALUES (38,57);
INSERT INTO MEAL_INGREDIENT (MealID,IngredientID) VALUES (39,57);
INSERT INTO MEAL_INGREDIENT (MealID,IngredientID) VALUES (17,58);
INSERT INTO MEAL_INGREDIENT (MealID,IngredientID) VALUES (17,59);
INSERT INTO MEAL_INGREDIENT (MealID,IngredientID) VALUES (38,60);
INSERT INTO MEAL_INGREDIENT (MealID,IngredientID) VALUES (43,60);
INSERT INTO MEAL_INGREDIENT (MealID,IngredientID) VALUES (45,60);
INSERT INTO MEAL_INGREDIENT (MealID,IngredientID) VALUES (8,61);
INSERT INTO MEAL_INGREDIENT (MealID,IngredientID) VALUES (21,61);
INSERT INTO MEAL_INGREDIENT (MealID,IngredientID) VALUES (22,61);
INSERT INTO MEAL_INGREDIENT (MealID,IngredientID) VALUES (41,62);
INSERT INTO MEAL_INGREDIENT (MealID,IngredientID) VALUES (22,63);
INSERT INTO MEAL_INGREDIENT (MealID,IngredientID) VALUES (40,64);
INSERT INTO MEAL_INGREDIENT (MealID,IngredientID) VALUES (8,65);
INSERT INTO MEAL_INGREDIENT (MealID,IngredientID) VALUES (14,65);
INSERT INTO MEAL_INGREDIENT (MealID,IngredientID) VALUES (41,65);
INSERT INTO MEAL_INGREDIENT (MealID,IngredientID) VALUES (44,66);
INSERT INTO MEAL_INGREDIENT (MealID,IngredientID) VALUES (37,67);
INSERT INTO MEAL_INGREDIENT (MealID,IngredientID) VALUES (8,68);
INSERT INTO MEAL_INGREDIENT (MealID,IngredientID) VALUES (22,68);
INSERT INTO MEAL_INGREDIENT (MealID,IngredientID) VALUES (44,69);
INSERT INTO MEAL_INGREDIENT (MealID,IngredientID) VALUES (10,70);
INSERT INTO MEAL_INGREDIENT (MealID,IngredientID) VALUES (37,70);
INSERT INTO MEAL_INGREDIENT (MealID,IngredientID) VALUES (38,70);
INSERT INTO MEAL_INGREDIENT (MealID,IngredientID) VALUES (39,70);
INSERT INTO MEAL_INGREDIENT (MealID,IngredientID) VALUES (36,71);
INSERT INTO MEAL_INGREDIENT (MealID,IngredientID) VALUES (10,72);
INSERT INTO MEAL_INGREDIENT (MealID,IngredientID) VALUES (8,73);
INSERT INTO MEAL_INGREDIENT (MealID,IngredientID) VALUES (41,74);
INSERT INTO MEAL_INGREDIENT (MealID,IngredientID) VALUES (42,74);
INSERT INTO MEAL_INGREDIENT (MealID,IngredientID) VALUES (40,75);
INSERT INTO MEAL_INGREDIENT (MealID,IngredientID) VALUES (39,76);
INSERT INTO MEAL_INGREDIENT (MealID,IngredientID) VALUES (36,77);
INSERT INTO MEAL_INGREDIENT (MealID,IngredientID) VALUES (42,78);
INSERT INTO MEAL_INGREDIENT (MealID,IngredientID) VALUES (8,79);
INSERT INTO MEAL_INGREDIENT (MealID,IngredientID) VALUES (37,80);
INSERT INTO MEAL_INGREDIENT (MealID,IngredientID) VALUES (39,81);
INSERT INTO MEAL_INGREDIENT (MealID,IngredientID) VALUES (45,82);

INSERT INTO INGREDIENT (IngredientID,IngredientName) VALUES (1,'Asparagus');
INSERT INTO INGREDIENT (IngredientID,IngredientName) VALUES (2,'Baby Carrots');
INSERT INTO INGREDIENT (IngredientID,IngredientName) VALUES (3,'Bacon');
INSERT INTO INGREDIENT (IngredientID,IngredientName) VALUES (4,'Beef');
INSERT INTO INGREDIENT (IngredientID,IngredientName) VALUES (5,'Beef Bouillon');
INSERT INTO INGREDIENT (IngredientID,IngredientName) VALUES (6,'Black Beans');
INSERT INTO INGREDIENT (IngredientID,IngredientName) VALUES (7,'Black Pepper');
INSERT INTO INGREDIENT (IngredientID,IngredientName) VALUES (8,'Breadcrumbs');
INSERT INTO INGREDIENT (IngredientID,IngredientName) VALUES (9,'Broccoli');
INSERT INTO INGREDIENT (IngredientID,IngredientName) VALUES (10,'Butter');
INSERT INTO INGREDIENT (IngredientID,IngredientName) VALUES (11,'Caraway Bread');
INSERT INTO INGREDIENT (IngredientID,IngredientName) VALUES (12,'Carrots');
INSERT INTO INGREDIENT (IngredientID,IngredientName) VALUES (13,'Celery');
INSERT INTO INGREDIENT (IngredientID,IngredientName) VALUES (14,'Cherry Tomatoes');
INSERT INTO INGREDIENT (IngredientID,IngredientName) VALUES (15,'Chicken Breasts');
INSERT INTO INGREDIENT (IngredientID,IngredientName) VALUES (16,'Chicken Broth');
INSERT INTO INGREDIENT (IngredientID,IngredientName) VALUES (17,'Chili Powder');
INSERT INTO INGREDIENT (IngredientID,IngredientName) VALUES (18,'Cilantro');
INSERT INTO INGREDIENT (IngredientID,IngredientName) VALUES (19,'Corned Beef');
INSERT INTO INGREDIENT (IngredientID,IngredientName) VALUES (20,'Cream');
INSERT INTO INGREDIENT (IngredientID,IngredientName) VALUES (21,'Cucumber');
INSERT INTO INGREDIENT (IngredientID,IngredientName) VALUES (22,'Cumin');
INSERT INTO INGREDIENT (IngredientID,IngredientName) VALUES (23,'Eggs');
INSERT INTO INGREDIENT (IngredientID,IngredientName) VALUES (24,'Fajita wraps');
INSERT INTO INGREDIENT (IngredientID,IngredientName) VALUES (25,'Flour');
INSERT INTO INGREDIENT (IngredientID,IngredientName) VALUES (26,'Frozen Fish');
INSERT INTO INGREDIENT (IngredientID,IngredientName) VALUES (27,'Garlic');
INSERT INTO INGREDIENT (IngredientID,IngredientName) VALUES (28,'Garlic Powder');
INSERT INTO INGREDIENT (IngredientID,IngredientName) VALUES (29,'Grape Tomatoes');
INSERT INTO INGREDIENT (IngredientID,IngredientName) VALUES (30,'Green Onions');
INSERT INTO INGREDIENT (IngredientID,IngredientName) VALUES (31,'Green Peppers');
INSERT INTO INGREDIENT (IngredientID,IngredientName) VALUES (32,'Green Sauce');
INSERT INTO INGREDIENT (IngredientID,IngredientName) VALUES (33,'Ground Beef');
INSERT INTO INGREDIENT (IngredientID,IngredientName) VALUES (34,'Hash Browns');
INSERT INTO INGREDIENT (IngredientID,IngredientName) VALUES (35,'Heavy Cream');
INSERT INTO INGREDIENT (IngredientID,IngredientName) VALUES (36,'Honey');
INSERT INTO INGREDIENT (IngredientID,IngredientName) VALUES (37,'Hot Sauce');
INSERT INTO INGREDIENT (IngredientID,IngredientName) VALUES (38,'Italian Seasoning');
INSERT INTO INGREDIENT (IngredientID,IngredientName) VALUES (39,'Ketchup');
INSERT INTO INGREDIENT (IngredientID,IngredientName) VALUES (40,'Lettuce');
INSERT INTO INGREDIENT (IngredientID,IngredientName) VALUES (41,'Mango');
INSERT INTO INGREDIENT (IngredientID,IngredientName) VALUES (42,'Marble Cheese');
INSERT INTO INGREDIENT (IngredientID,IngredientName) VALUES (43,'Margarine');
INSERT INTO INGREDIENT (IngredientID,IngredientName) VALUES (44,'Marinara Sauce');
INSERT INTO INGREDIENT (IngredientID,IngredientName) VALUES (45,'Mozzarella Cheese');
INSERT INTO INGREDIENT (IngredientID,IngredientName) VALUES (46,'Mushrooms');
INSERT INTO INGREDIENT (IngredientID,IngredientName) VALUES (47,'Naan Bread');
INSERT INTO INGREDIENT (IngredientID,IngredientName) VALUES (48,'Olive Oil');
INSERT INTO INGREDIENT (IngredientID,IngredientName) VALUES (49,'Onion Powder');
INSERT INTO INGREDIENT (IngredientID,IngredientName) VALUES (50,'Onions');
INSERT INTO INGREDIENT (IngredientID,IngredientName) VALUES (51,'Parmesan Cheese');
INSERT INTO INGREDIENT (IngredientID,IngredientName) VALUES (52,'Parsley');
INSERT INTO INGREDIENT (IngredientID,IngredientName) VALUES (53,'Peanut Butter');
INSERT INTO INGREDIENT (IngredientID,IngredientName) VALUES (54,'Peanut Oil');
INSERT INTO INGREDIENT (IngredientID,IngredientName) VALUES (55,'Peanuts');
INSERT INTO INGREDIENT (IngredientID,IngredientName) VALUES (56,'Penne');
INSERT INTO INGREDIENT (IngredientID,IngredientName) VALUES (57,'Pepper');
INSERT INTO INGREDIENT (IngredientID,IngredientName) VALUES (58,'Pepperroni');
INSERT INTO INGREDIENT (IngredientID,IngredientName) VALUES (59,'Pizza Sauce');
INSERT INTO INGREDIENT (IngredientID,IngredientName) VALUES (60,'Potatoes');
INSERT INTO INGREDIENT (IngredientID,IngredientName) VALUES (61,'Radishes');
INSERT INTO INGREDIENT (IngredientID,IngredientName) VALUES (62,'Ramen Noodles');
INSERT INTO INGREDIENT (IngredientID,IngredientName) VALUES (63,'Red Onion');
INSERT INTO INGREDIENT (IngredientID,IngredientName) VALUES (64,'Red Pepper Flakes');
INSERT INTO INGREDIENT (IngredientID,IngredientName) VALUES (65,'Red Peppers');
INSERT INTO INGREDIENT (IngredientID,IngredientName) VALUES (66,'Rice');
INSERT INTO INGREDIENT (IngredientID,IngredientName) VALUES (67,'Rigatoni Pasta');
INSERT INTO INGREDIENT (IngredientID,IngredientName) VALUES (68,'Romaine Lettuce');
INSERT INTO INGREDIENT (IngredientID,IngredientName) VALUES (69,'Salmon');
INSERT INTO INGREDIENT (IngredientID,IngredientName) VALUES (70,'Salt');
INSERT INTO INGREDIENT (IngredientID,IngredientName) VALUES (71,'Saurkraut');
INSERT INTO INGREDIENT (IngredientID,IngredientName) VALUES (72,'Jalapeno Dip');
INSERT INTO INGREDIENT (IngredientID,IngredientName) VALUES (73,'Sour Cream');
INSERT INTO INGREDIENT (IngredientID,IngredientName) VALUES (74,'Soy Sauce');
INSERT INTO INGREDIENT (IngredientID,IngredientName) VALUES (75,'Spinach');
INSERT INTO INGREDIENT (IngredientID,IngredientName) VALUES (76,'Sweet Potatoes');
INSERT INTO INGREDIENT (IngredientID,IngredientName) VALUES (77,'Swiss Cheese');
INSERT INTO INGREDIENT (IngredientID,IngredientName) VALUES (78,'Thyme');
INSERT INTO INGREDIENT (IngredientID,IngredientName) VALUES (79,'Tortillas');
INSERT INTO INGREDIENT (IngredientID,IngredientName) VALUES (80,'Vegetable Oil');
INSERT INTO INGREDIENT (IngredientID,IngredientName) VALUES (81,'Vinegar');
INSERT INTO INGREDIENT (IngredientID,IngredientName) VALUES (82,'Worchestershire Sauce');

